# evidence_mode: REAL; initial linear-solver residuals from logs/simpleFoam.stdout.log; no convergence verdict
iteration,p_initial_residual,Ux_initial_residual,Uy_initial_residual
1.0,1.0,1.0,1.0
2.0,0.0247618336369,0.220371534992,0.607285810891
3.0,0.0541782546658,0.131925946785,0.197280863578
4.0,0.0511472102201,0.0698553499505,0.107067379163
5.0,0.119397659899,0.0380411844801,0.443803592294
6.0,0.526261715611,0.0383766972182,0.613904144119
7.0,0.109318322192,0.0229848694168,0.204488391109
8.0,0.0270531554998,0.0194722519228,0.286115057275
9.0,0.0304663344252,0.0182966214017,0.101716000735
10.0,0.0298007852545,0.0134946313994,0.119104725147
11.0,0.0334015385853,0.0126831860103,0.299453085738
12.0,0.0457093699717,0.0114148762315,0.254293952012
13.0,0.0200749562864,0.0079360795087,0.102314291506
14.0,0.010174833704,0.00674032331203,0.111708051972
15.0,0.0127430254765,0.00596838697474,0.0408608625216
16.0,0.00890008817191,0.00535517884666,0.125261734967
17.0,0.00912194090763,0.0052450064217,0.191244896989
18.0,0.00951347540569,0.00437673077548,0.126557165679
19.0,0.00455683192123,0.00328681833494,0.0584015152622
20.0,0.00396605229121,0.00280706004447,0.0352830010908
21.0,0.00399964487207,0.00250984689992,0.0471199650891
22.0,0.00226333616338,0.00237161887075,0.112466151753
23.0,0.00276629615435,0.00221799138987,0.121921767377
24.0,0.00232407382914,0.00180882123647,0.074698148988
25.0,0.00117629513355,0.00145891178264,0.0403693740092
26.0,0.00138130666518,0.00126286263908,0.0307300786161
27.0,0.0010446620158,0.00115694512835,0.0610669735409
28.0,0.000694338804396,0.00106775234967,0.0905856099638
29.0,0.000867582694862,0.000957430335938,0.080537347204
30.0,0.000595094657171,0.000788853645776,0.0522174613386
31.0,0.000352118969335,0.000666441748634,0.0352128395303
32.0,0.000425093033733,0.000587379503643,0.0396765755051
33.0,0.000281193956264,0.000533983316289,0.0588577192847
34.0,0.000237086575236,0.000482242490895,0.067165751211
35.0,0.000265765166762,0.000420954376084,0.0552402339002
36.0,0.000160787313372,0.000356739914612,0.0395532965595
37.0,0.000128044187677,0.000307549231607,0.0335215517074
38.0,0.000127998517325,0.000272989238741,0.0390103351871
39.0,8.73530021585e-05,0.000245605271217,0.0465791340287
40.0,8.91519596349e-05,0.000218213611212,0.0457383599383
41.0,7.99123909555e-05,0.000189443195546,0.0369341474693
42.0,4.78239090026e-05,0.000163085879199,0.0292401744785
43.0,4.71890923679e-05,0.000142272653803,0.0275251784324
44.0,4.04979916733e-05,0.000126398548736,0.029917033055
45.0,3.00453132746e-05,0.000112720625823,0.0310029526856
46.0,3.20887557657e-05,9.93254908207e-05,0.0279856481868
47.0,2.4859792879e-05,8.6329232427e-05,0.0228746905191
48.0,1.68077266301e-05,7.49383861233e-05,0.0194427366659
49.0,1.72191924531e-05,6.57774871083e-05,0.0186794127995
50.0,1.39836517191e-05,5.83340335072e-05,0.0187962286468
51.0,1.14374931007e-05,5.168622666e-05,0.0178462216534
52.0,1.1509769054e-05,4.53627134959e-05,0.0154694688982
53.0,8.40818753045e-06,3.9521800933e-05,0.0129269727583
54.0,6.70971371318e-06,3.45026799574e-05,0.0114078922928
55.0,6.49332683103e-06,3.03675981886e-05,0.0107889676608
56.0,5.16196356391e-06,2.68638236813e-05,0.0102469228151
57.0,4.6791784903e-06,2.36997892086e-05,0.0092566795815
58.0,4.24586635458e-06,2.07692586566e-05,0.00792414711153
59.0,3.11663977472e-06,1.81415757179e-05,0.00676783546583
60.0,2.82329000426e-06,1.58942738113e-05,0.00605867141676
61.0,2.54251789881e-06,1.40008513685e-05,0.00560544275096
62.0,2.04857189313e-06,1.23564773293e-05,0.00512693801103
63.0,1.93164036375e-06,1.08723842954e-05,0.00451925640713
64.0,1.63847830417e-06,9.52634918008e-06,0.00387802600919
65.0,1.27654569696e-06,8.33935231896e-06,0.00336713706917
66.0,1.19806484623e-06,7.32117058456e-06,0.00302044876601
67.0,1.03327132191e-06,6.44808013982e-06,0.00274391171114
68.0,8.64821924152e-07,5.68028543094e-06,0.00245587840363
69.0,8.03473794293e-07,4.99097239472e-06,0.0021434114078
70.0,6.61001370706e-07,4.37508883314e-06,0.00185285271858
71.0,5.60562438115e-07,3.8361534557e-06,0.00162539260927
72.0,5.12532817436e-07,3.37118540061e-06,0.00145369410195
73.0,4.33558209339e-07,2.9674749731e-06,0.00130329957742
74.0,3.79350254849e-07,2.61073378372e-06,0.00115285306163
75.0,3.40328227701e-07,2.29256916644e-06,0.00100441365529
76.0,2.81568778711e-07,2.01095796231e-06,0.000874510137094
77.0,2.5111286035e-07,1.76513754184e-06,0.000771042075864
78.0,2.22451328141e-07,1.55176175474e-06,0.000686845288672
79.0,1.88739882078e-07,1.36511280497e-06,0.000610633183118
80.0,1.6888417909e-07,1.20003614956e-06,0.000537201767199
81.0,1.47511574283e-07,1.05363580668e-06,0.000468948088248
82.0,1.26032520762e-07,9.24755578223e-07,0.000410551863783
83.0,1.13173992203e-07,8.12231679259e-07,0.000362662034185
84.0,9.82369399142e-08,7.14078655714e-07,0.000321931983027
85.0,8.46418702501e-08,6.27874202587e-07,0.000284786464437
86.0,7.56999510834e-08,5.516984871e-07,0.000250068830599
87.0,6.54717545761e-08,4.84437938301e-07,0.000218928931568
88.0,5.76604274262e-08,4.25381926813e-07,0.000192418657242
89.0,5.11502028035e-08,3.73748758077e-07,0.000170140348524
90.0,4.41336636173e-08,3.28555360326e-07,0.000150744347632
91.0,3.86338675643e-08,2.88793377148e-07,0.0001331208905
92.0,3.42462726679e-08,2.53717875664e-07,0.000117054009424
93.0,2.98298124856e-08,2.22829644382e-07,0.000102898169027
94.0,2.65119745193e-08,1.95734711603e-07,9.07773060464e-05
95.0,2.33321252767e-08,1.72026339412e-07,8.03859370014e-05
96.0,2.02737453375e-08,1.51330409528e-07,7.12243062007e-05
97.0,1.78409475222e-08,1.33111440073e-07,6.29501964041e-05
98.0,1.57198884685e-08,1.17035668067e-07,5.55186354959e-05
99.0,1.38291962621e-08,1.02882417864e-07,4.90134012722e-05
100.0,1.22916600489e-08,9.04668687845e-08,4.33955224089e-05
101.0,1.08047726875e-08,7.95868491662e-08,3.85040904669e-05
102.0,9.45712209388e-09,7.00303462455e-08,3.41614204401e-05
103.0,8.34778301802e-09,6.16121103712e-08,3.02645878737e-05
104.0,7.36286791316e-09,5.41931122773e-08,2.68005365356e-05
105.0,6.53979264468e-09,4.76691715199e-08,2.37828355247e-05
106.0,5.8102073717e-09,4.19437104332e-08,2.11637215181e-05
107.0,5.12711206074e-09,3.69193422507e-08,1.88680019503e-05
108.0,4.52402198227e-09,3.25016528258e-08,1.68304217108e-05
109.0,4.01332393887e-09,2.86109183123e-08,1.50101165455e-05
110.0,3.56579748746e-09,2.51866509595e-08,1.3400729202e-05
111.0,3.1860645765e-09,2.21805728987e-08,1.19892923676e-05
112.0,2.84184596345e-09,1.95488008929e-08,1.07510028886e-05
113.0,2.52809636252e-09,1.72566314078e-08,9.66635642685e-06
114.0,2.2527067779e-09,1.52383832435e-08,8.70318380613e-06
115.0,2.01162973668e-09,1.34589893591e-08,7.84603789292e-06
116.0,1.79969056977e-09,1.18911631915e-08,7.08766537905e-06
117.0,1.61801935054e-09,1.05105404574e-08,6.41994150075e-06
118.0,1.45384861683e-09,9.29469801844e-09,5.8342247149e-06
119.0,1.30906167817e-09,8.22350368173e-09,5.3136986689e-06
120.0,1.18098050707e-09,7.27906258888e-09,4.84606106196e-06
121.0,1.06668586382e-09,6.44626104134e-09,4.43222201428e-06
122.0,9.65719516107e-10,5.71482458522e-09,4.06483999346e-06
123.0,9.08020054407e-10,5.07257155042e-09,3.73769136651e-06
124.0,8.10213606019e-10,4.52404277046e-09,3.42183155838e-06
125.0,7.54039376196e-10,4.04916609881e-09,3.14168942153e-06
126.0,7.35992426506e-10,3.62954660867e-09,2.91374140541e-06
127.0,6.51015450426e-10,3.25822985921e-09,2.72067026303e-06
128.0,5.57567395258e-10,2.92817837769e-09,2.54023502239e-06
129.0,5.04582482589e-10,2.63441198385e-09,2.36417989128e-06
130.0,4.64483845961e-10,2.38101832232e-09,2.19852423508e-06
131.0,4.44079776892e-10,2.15667489561e-09,2.04850839342e-06
132.0,4.18835826759e-10,1.95638597888e-09,1.91640802506e-06
133.0,3.79377441842e-10,1.77995547915e-09,1.79772369691e-06
134.0,3.39751359557e-10,1.62487526733e-09,1.68673684907e-06
135.0,3.11908171093e-10,1.4865713066e-09,1.58065627753e-06
136.0,2.93582097233e-10,1.36563004181e-09,1.47945823234e-06
137.0,3.23649367871e-10,1.25825419447e-09,1.3852615381e-06
138.0,2.81362490356e-10,1.16774398613e-09,1.26745406597e-06
139.0,2.46208539e-10,1.08532408838e-09,1.16813745795e-06
140.0,2.53869772932e-10,1.00951274962e-09,1.102611599e-06
141.0,2.22738756241e-10,9.39238933719e-10,1.05406592717e-06
142.0,1.93215674424e-10,8.74207980513e-10,1.00063935231e-06
143.0,1.85671466546e-10,8.14192099041e-10,9.36763912998e-07
144.0,1.710202814e-10,7.59320851695e-10,8.69204150218e-07
145.0,1.74179337454e-10,7.07821451321e-10,8.10003358052e-07
146.0,1.63822120469e-10,6.59874594956e-10,7.65140165489e-07
147.0,1.48139053896e-10,6.15842618231e-10,7.27878435974e-07
148.0,1.40037851952e-10,5.75409816994e-10,6.8949880284e-07
149.0,1.35795040892e-10,5.38018449185e-10,6.46493910507e-07
150.0,1.31871388554e-10,5.03688129593e-10,6.01050553235e-07
151.0,1.25184716037e-10,4.71615146468e-10,5.61332457552e-07
152.0,1.1437201774e-10,4.41712375759e-10,5.30395752729e-07
153.0,1.0531212064e-10,4.13920785604e-10,5.04341981579e-07
154.0,1.0105271528e-10,3.88005946017e-10,4.77776015947e-07
155.0,1.73244513401e-10,3.63699361007e-10,4.45946910251e-07
156.0,1.84274676907e-10,3.44427436891e-10,3.94381309247e-07
157.0,1.21896819026e-10,3.26253522905e-10,3.3756388839e-07
158.0,1.15279120921e-10,3.08638708412e-10,2.93114819861e-07
159.0,1.27246974404e-10,2.91561059203e-10,2.91986613431e-07
160.0,1.09053557296e-10,2.75840114054e-10,2.99791705165e-07
161.0,7.26387478613e-11,2.61027135722e-10,3.0479353001e-07
162.0,1.03357335829e-10,2.47190953165e-10,2.98981025293e-07
163.0,1.07997075457e-10,2.3413382289e-10,2.72305444211e-07
164.0,9.57511474878e-11,2.21879183752e-10,2.41497499002e-07
165.0,1.20244501682e-10,2.10139372807e-10,2.36944345022e-07
166.0,8.75868088263e-11,1.99220210442e-10,2.02410381437e-07
167.0,1.01148787329e-10,1.88692290148e-10,1.98604191307e-07
168.0,7.72357076698e-11,1.78373912795e-10,1.73530837909e-07
169.0,1.09908033837e-10,1.68970071697e-10,1.6962170662e-07
170.0,7.88727989891e-11,1.59895680297e-10,1.7556995403e-07
171.0,8.69557651044e-11,1.51559867317e-10,1.72350201801e-07
172.0,1.03165456253e-10,1.43659429837e-10,1.69208665029e-07
173.0,6.66656637591e-11,1.36047059902e-10,1.55067544951e-07
174.0,8.23639591254e-11,1.28952540695e-10,1.51990861412e-07
175.0,1.14071496025e-10,1.22230923644e-10,1.49093156525e-07
176.0,8.89983063653e-11,1.16027531844e-10,1.19854147274e-07
177.0,9.46890395824e-11,1.09957825998e-10,1.16963512012e-07
178.0,1.0641396871e-10,1.04212556528e-10,1.14801257941e-07
179.0,1.5003586357e-10,9.89613438848e-11,9.3395119829e-08
180.0,1.44164574038e-10,9.7269004266e-11,6.2222734239e-08
181.0,8.54512410928e-11,9.55693333503e-11,3.66330614083e-08
182.0,7.41321375446e-11,9.35786811132e-11,3.46361008044e-08
183.0,8.56593634712e-11,9.16304246642e-11,3.30678106251e-08
184.0,1.12973959728e-10,8.97263884868e-11,3.17344573053e-08
185.0,8.16297348406e-11,8.75552265735e-11,4.05059688748e-08
186.0,8.65774114258e-11,8.57600507743e-11,3.94055535125e-08
187.0,1.03186240215e-10,8.40033787027e-11,3.84335594449e-08
188.0,6.04754600746e-11,8.21447556047e-11,5.66122976631e-08
189.0,6.45362689265e-11,8.04642569018e-11,5.53492205622e-08
190.0,9.1996893524e-11,7.88194031243e-11,5.42449616178e-08
191.0,1.2383547866e-10,7.72078012934e-11,5.31209669597e-08
192.0,8.08429181439e-11,7.59165316794e-11,3.76170720089e-08
193.0,6.46543268901e-11,7.4351119774e-11,3.56938260394e-08
194.0,5.45747748573e-11,7.28173427529e-11,3.43098654831e-08
195.0,5.3812888583e-11,7.13176503415e-11,3.32090988411e-08
196.0,6.4949567797e-11,6.98498058567e-11,3.22641365264e-08
197.0,8.38122441082e-11,6.84122833471e-11,3.13883803863e-08
198.0,1.04597297579e-10,6.70043879706e-11,3.0563318931e-08
199.0,6.2432506667e-11,6.55086510036e-11,3.06404143893e-08
200.0,4.93862619226e-11,6.41645739346e-11,2.92584857181e-08
201.0,5.16579566912e-11,6.285005694e-11,2.83604106221e-08
202.0,6.64528907556e-11,6.1562516511e-11,2.76899829319e-08
203.0,8.55558303092e-11,6.03010795489e-11,2.70971292729e-08
204.0,1.06253133126e-10,5.90653306589e-11,2.65328171517e-08
205.0,6.20491463507e-11,5.78047251255e-11,3.49989923708e-08
206.0,4.75814373696e-11,5.66190821285e-11,3.36660577463e-08
207.0,4.7090383208e-11,5.54568277609e-11,3.27017634968e-08
208.0,5.50002632365e-11,5.43183138739e-11,3.19054770409e-08
209.0,6.71614463561e-11,5.32030751816e-11,3.11704236845e-08
210.0,8.10880954701e-11,5.21106087805e-11,3.04457707488e-08
211.0,9.56384002679e-11,5.10404480339e-11,2.9735321413e-08
212.0,1.10497644418e-10,4.99921374746e-11,2.90311586988e-08
213.0,5.70163546911e-11,4.90452771006e-11,2.48293252167e-08
214.0,4.01422623099e-11,4.80321548521e-11,2.29664872373e-08
215.0,5.14561366593e-11,4.70419049379e-11,2.15884312912e-08
216.0,7.37613988009e-11,4.60738392408e-11,2.0461447548e-08
217.0,9.85297778405e-11,4.51265405091e-11,1.94971337383e-08
218.0,1.23150934024e-10,4.41994792162e-11,1.86541913089e-08
219.0,6.72230683633e-11,4.31919791038e-11,2.69659576529e-08
220.0,4.51210070468e-11,4.23062055551e-11,2.54723233562e-08
221.0,4.94164206857e-11,4.14395560855e-11,2.42865773562e-08
222.0,6.80175272426e-11,4.05903755355e-11,2.3297170358e-08
223.0,9.00927678452e-11,3.97584607103e-11,2.24326624855e-08
224.0,1.12325279008e-10,3.89434271809e-11,2.16655251723e-08
225.0,6.06217350509e-11,3.8140059288e-11,2.43563402897e-08
226.0,3.82196436659e-11,3.73568758347e-11,2.28811507793e-08
227.0,3.40709667919e-11,3.65886108206e-11,2.17252136182e-08
228.0,4.95389334407e-11,3.58365439667e-11,2.07738907537e-08
229.0,6.91742799732e-11,3.51000764364e-11,1.99506021031e-08
230.0,8.85911652813e-11,3.43788045849e-11,1.92064940726e-08
231.0,1.07045287232e-10,3.3672323141e-11,1.85284354987e-08
232.0,5.37272391536e-11,3.30016877404e-11,1.93712342544e-08
233.0,2.87774584082e-11,3.23211214704e-11,1.77608909159e-08
234.0,2.83105187509e-11,3.16572542162e-11,1.6532020774e-08
235.0,4.70227249718e-11,3.10075120844e-11,1.55160933999e-08
236.0,6.90862095723e-11,3.03714660417e-11,1.46449658262e-08
237.0,9.03188266656e-11,2.97488250359e-11,1.38850893949e-08
238.0,1.10391544403e-10,2.9138906004e-11,1.3222229734e-08
239.0,5.64741540869e-11,2.84851202798e-11,2.17860282125e-08
240.0,3.58486417263e-11,2.79014410542e-11,2.02499787897e-08
241.0,3.811547808e-11,2.7328139538e-11,1.90476289201e-08
242.0,5.66560991399e-11,2.67667486832e-11,1.80528084574e-08
243.0,7.8344116658e-11,2.62168824049e-11,1.71887588165e-08
244.0,9.9182318604e-11,2.5678296666e-11,1.64138761184e-08
245.0,1.18604458746e-10,2.51507876036e-11,1.57153228865e-08
246.0,5.79945444058e-11,2.46378735389e-11,2.01556016275e-08
247.0,3.21773842552e-11,2.41297700073e-11,1.83188969426e-08
248.0,3.88858448517e-11,2.36346182529e-11,1.68780273965e-08
249.0,6.03398199956e-11,2.31498636123e-11,1.56650931862e-08
250.0,8.20427838065e-11,2.26752792451e-11,1.46190723175e-08
251.0,1.03014783022e-10,2.22105598651e-11,1.37155339595e-08
252.0,5.49610040031e-11,2.17562161466e-11,1.44072436099e-08
253.0,3.42038187541e-11,2.13087584972e-11,1.30216660362e-08
254.0,3.4395009417e-11,2.08694237042e-11,1.19894937389e-08
255.0,4.74261888144e-11,2.04398758449e-11,1.11611293513e-08
256.0,6.3448226272e-11,2.0019571885e-11,1.04646217035e-08
257.0,7.96326998942e-11,1.96080516658e-11,9.86082221265e-09
258.0,9.50516362019e-11,1.92051047013e-11,9.33084031625e-09
259.0,1.09576432725e-10,1.88104966566e-11,8.85868440778e-09
260.0,4.99431863133e-11,1.83922698304e-11,1.84852877173e-08
261.0,2.52334697441e-11,1.80139184061e-11,1.64868824552e-08
262.0,3.76281019753e-11,1.76454756872e-11,1.50149798752e-08
263.0,5.88803024745e-11,1.72845614179e-11,1.38488752969e-08
264.0,7.9272909893e-11,1.69309681187e-11,1.28908231094e-08
265.0,9.85458118673e-11,1.65844543814e-11,1.20881374851e-08
266.0,1.1606534937e-10,1.62448635323e-11,1.14090016111e-08
267.0,5.42020456986e-11,1.59141400839e-11,1.62332655448e-08
268.0,3.00040211226e-11,1.55868411443e-11,1.43473167587e-08
269.0,4.26580925123e-11,1.52645531296e-11,1.29235853074e-08
270.0,6.65224923253e-11,1.4949650079e-11,1.17953094198e-08
271.0,8.8870460052e-11,1.46415829452e-11,1.08693973938e-08
272.0,1.09504269362e-10,1.43400728763e-11,1.0085405925e-08
273.0,5.4075024038e-11,1.40466698613e-11,1.41709652154e-08
274.0,3.13248893665e-11,1.37562800272e-11,1.20713645557e-08
275.0,3.28438089665e-11,1.34746563014e-11,1.04567086739e-08
276.0,4.85765348787e-11,1.31988858367e-11,9.17932422856e-09
277.0,6.46267112312e-11,1.29288628238e-11,8.15455761038e-09
278.0,7.88335811149e-11,1.26644186646e-11,7.32363152919e-09
279.0,9.13882805615e-11,1.24053080003e-11,6.65360881531e-09
280.0,1.0215493022e-10,1.2151386866e-11,6.1021120867e-09
281.0,4.10432096006e-11,1.18758653332e-11,1.6096427008e-08
282.0,2.08662651508e-11,1.16326956764e-11,1.42088012666e-08
283.0,3.90189285623e-11,1.1392687203e-11,1.27436960379e-08
284.0,6.20029973928e-11,1.11577287248e-11,1.15722860074e-08
285.0,8.25475258574e-11,1.0927732849e-11,1.06150111944e-08
286.0,1.01046055971e-10,1.07025756109e-11,9.82408980677e-09
287.0,4.75516630017e-11,1.04894760926e-11,1.22452718585e-08
288.0,2.50378358676e-11,1.02725007231e-11,1.02382941396e-08
289.0,2.78720738015e-11,1.00622918297e-11,8.69113627558e-09
290.0,4.11461376754e-11,9.85651643329e-12,7.47641404847e-09
291.0,5.53017359624e-11,9.65503219581e-12,6.50777848951e-09
292.0,6.74891376022e-11,9.45764529057e-12,5.74257767355e-09
293.0,7.75012085789e-11,9.26418334323e-12,5.13842938827e-09
294.0,8.56217632528e-11,9.07459185866e-12,4.66962035285e-09
295.0,9.23268755689e-11,8.88874267449e-12,4.31850755497e-09
296.0,9.78539125941e-11,8.70663526784e-12,4.0425191236e-09
297.0,1.0238931484e-10,8.5281578307e-12,3.82286247048e-09
298.0,3.48710119855e-11,8.34562862405e-12,1.46341879217e-08
299.0,1.70404237191e-11,8.17407481592e-12,1.23215869177e-08
300.0,4.58818102847e-11,8.00454350114e-12,1.05570001363e-08
301.0,7.28383951074e-11,7.83886764552e-12,9.16123815351e-09
302.0,9.56509005527e-11,7.67700755417e-12,8.04615969388e-09
303.0,1.14897936267e-10,7.51864757063e-12,7.1449278259e-09
304.0,5.09276649261e-11,7.35779999683e-12,1.35541314924e-08
305.0,2.14885919652e-11,7.20603289509e-12,1.12263625049e-08
306.0,2.70677251278e-11,7.0593587078e-12,9.41102088005e-09
307.0,4.69826902637e-11,6.91564075162e-12,7.96699596382e-09
308.0,6.54985621383e-11,6.7747187655e-12,6.80899108006e-09
309.0,8.09502482465e-11,6.63658367175e-12,5.88559308406e-09
310.0,9.35066089788e-11,6.50108719187e-12,5.14559289996e-09
311.0,1.03777383829e-10,6.36825070562e-12,4.56354789653e-09
312.0,4.04491273032e-11,6.23206202696e-12,1.33404409688e-08
313.0,1.24938401037e-11,6.10400481756e-12,1.11880301635e-08
314.0,3.1796085048e-11,5.97726881051e-12,9.50910770405e-09
315.0,5.58746077561e-11,5.85336367539e-12,8.17039823304e-09
316.0,7.62345703177e-11,5.73218155481e-12,7.09168908648e-09
317.0,9.3213451852e-11,5.61367341475e-12,6.2196219981e-09
318.0,1.07400487158e-10,5.49775653936e-12,5.50833738634e-09
319.0,4.43456657471e-11,5.39047826345e-12,1.26957683069e-08
320.0,1.48023330634e-11,5.27870143623e-12,1.04332304363e-08
321.0,2.48272568362e-11,5.17117534682e-12,8.64619176148e-09
322.0,4.70867576166e-11,5.06598090034e-12,7.20811902782e-09
323.0,6.60544094492e-11,4.96290013071e-12,6.04504765423e-09
324.0,8.16503646607e-11,4.8618523119e-12,5.10091120746e-09
325.0,9.45343251778e-11,4.76283215709e-12,4.33913439402e-09
326.0,1.05181364516e-10,4.6656911263e-12,3.72179167259e-09
327.0,4.09788216707e-11,4.55917306644e-12,1.29837236043e-08
328.0,1.19905930996e-11,4.46552798951e-12,1.07933611121e-08
329.0,3.01743534114e-11,4.37255088484e-12,9.06574259472e-09
330.0,5.43907717805e-11,4.28164963576e-12,7.68157897514e-09
331.0,7.49596638529e-11,4.19283647173e-12,6.56798249995e-09
332.0,9.21510943416e-11,4.10598828483e-12,5.66751389351e-09
333.0,1.06432525364e-10,4.0210972029e-12,4.93738490236e-09
334.0,4.39218560174e-11,3.94090555778e-12,1.25208817049e-08
335.0,1.33972999634e-11,3.85926341505e-12,1.03547582745e-08
336.0,2.23466089834e-11,3.7808218311e-12,8.63799444828e-09
337.0,4.50644353143e-11,3.70410956762e-12,7.25701467882e-09
338.0,6.42442014037e-11,3.62885866592e-12,6.14872880275e-09
339.0,8.00568915481e-11,3.55504299681e-12,5.25822639632e-09
340.0,9.32432823807e-11,3.48262396922e-12,4.54143419155e-09
341.0,1.04262877952e-10,3.41157359486e-12,3.96510555222e-09
342.0,4.04360440593e-11,3.33955481323e-12,1.27743562725e-08
343.0,9.77401681099e-12,3.27066630733e-12,1.06384404614e-08
344.0,2.82553173597e-11,3.20223954323e-12,8.94927295332e-09
345.0,5.29256571783e-11,3.13545354499e-12,7.59220343884e-09
346.0,7.38497091605e-11,3.0703121325e-12,6.49637246923e-09
347.0,9.14544972811e-11,3.00671648246e-12,5.61602700566e-09
348.0,1.06180300158e-10,2.94457827265e-12,4.9124778077e-09
349.0,4.4244879622e-11,2.88557025141e-12,1.24033264572e-08
350.0,1.30424009297e-11,2.82565393896e-12,1.0340837499e-08
351.0,2.03273922368e-11,2.76823580498e-12,8.69920658483e-09
352.0,4.32960375494e-11,2.71210337598e-12,7.37603298521e-09
353.0,6.29282481206e-11,2.65700774914e-12,6.30732087051e-09
354.0,7.94826109792e-11,2.60293959987e-12,5.45621300803e-09
355.0,9.32881228918e-11,2.54987908797e-12,4.771218205e-09
356.0,1.0497239072e-10,2.49785394034e-12,4.21804127039e-09
357.0,4.17428783779e-11,2.44173632612e-12,1.30736609995e-08
358.0,9.06263917004e-12,2.39121213349e-12,1.10767260861e-08
359.0,2.57057359128e-11,2.34105765676e-12,9.48204835897e-09
360.0,5.11648589062e-11,2.29202643078e-12,8.19007787477e-09
361.0,7.30268510917e-11,2.24423331367e-12,7.157550055e-09
362.0,9.17882427443e-11,2.1976218495e-12,6.32009924222e-09
363.0,1.0795771404e-10,2.15211081843e-12,5.64790965388e-09
364.0,4.68458545741e-11,2.11593010631e-12,1.27476217015e-08
365.0,1.44144367196e-11,2.07140790365e-12,1.0935006471e-08
366.0,1.77096340164e-11,2.02895538377e-12,9.49215699311e-09
367.0,4.2203399667e-11,1.98761645598e-12,8.34044780082e-09
368.0,6.3525484472e-11,1.9470780782e-12,7.41646191911e-09
369.0,8.22105114842e-11,1.90730257441e-12,6.67082334592e-09
370.0,9.86214358362e-11,1.86832162209e-12,6.03259789257e-09
371.0,1.1324542031e-10,1.83008672463e-12,5.47816145543e-09
372.0,4.86704699647e-11,1.78795038408e-12,1.47520711448e-08
373.0,1.16540093017e-11,1.75058480915e-12,1.31482622386e-08
374.0,2.50665491851e-11,1.71374636441e-12,1.18330533189e-08
375.0,5.51078833732e-11,1.67774817909e-12,1.07028688859e-08
376.0,8.21525267675e-11,1.64273471181e-12,9.71379486285e-09
377.0,1.06378063076e-10,1.6086125278e-12,8.84840294214e-09
378.0,5.55359283463e-11,1.58068191937e-12,1.14948909303e-08
379.0,2.72601152205e-11,1.54723765676e-12,1.03297508018e-08
380.0,6.51896238687e-12,1.51517856148e-12,9.33803455634e-09
381.0,2.23509156497e-11,1.48407378491e-12,8.48124221605e-09
382.0,4.30081561966e-11,1.453586102e-12,7.72238632672e-09
383.0,6.17374365173e-11,1.42371526582e-12,7.04227784369e-09
384.0,7.87597495343e-11,1.39448891612e-12,6.4286554093e-09
385.0,9.42630693537e-11,1.36585488163e-12,5.87286443143e-09
386.0,1.0838013348e-10,1.33776704772e-12,5.36821216423e-09
387.0,4.7493512766e-11,1.3122324103e-12,1.60732989316e-08
388.0,1.16771775736e-11,1.28405580391e-12,1.45637437824e-08
389.0,2.6394121866e-11,1.25714285462e-12,1.32541653285e-08
390.0,5.80712146568e-11,1.230796193e-12,1.20891996669e-08
391.0,8.71625819685e-11,1.20524247066e-12,1.10405387376e-08
392.0,1.13738238367e-10,1.1803388557e-12,1.00926556878e-08
393.0,6.10387258244e-11,1.16030462631e-12,1.33236908847e-08
394.0,3.05267063445e-11,1.13531315389e-12,1.20227587085e-08
395.0,1.17245458199e-11,1.11100345181e-12,1.09195206644e-08
396.0,2.69627183019e-11,1.08761694287e-12,9.94841917769e-09
397.0,5.00191739566e-11,1.06478669984e-12,9.07881589067e-09
398.0,7.15209163215e-11,1.04250005754e-12,8.29337504409e-09
399.0,9.13236979649e-11,1.02075142412e-12,7.58051953159e-09
400.0,1.09482310222e-10,9.99475062628e-13,6.93367722166e-09
401.0,5.25331269831e-11,9.80013932804e-13,1.55738475046e-08
402.0,1.94776701583e-11,9.58521536969e-13,1.40563326086e-08
403.0,2.0077406903e-11,9.38833116476e-13,1.27715886705e-08
404.0,4.89192764649e-11,9.19578333288e-13,1.16413722467e-08
405.0,7.640773831e-11,9.00835981697e-13,1.06306539487e-08
406.0,1.01622107348e-10,8.82559816352e-13,9.71934333974e-09
407.0,5.61407786716e-11,8.67996757576e-13,1.14153231525e-08
408.0,3.11520581785e-11,8.49407550135e-13,1.02156524212e-08
409.0,1.84288765906e-11,8.3069458119e-13,9.23267662069e-09
410.0,2.35982995818e-11,8.12752445545e-13,8.38451385017e-09
411.0,4.05151904112e-11,7.95331223685e-13,7.63468752254e-09
412.0,5.79537620335e-11,7.78412556902e-13,6.96330096999e-09
413.0,7.41994028387e-11,7.61916910166e-13,6.35754829047e-09
414.0,8.92048729493e-11,7.45836295114e-13,5.80853431298e-09
415.0,1.03102988059e-10,7.30149462706e-13,5.30980771717e-09
416.0,4.61274691879e-11,7.21158866972e-13,1.54284412644e-08
417.0,1.72663563571e-11,7.04747896866e-13,1.38037643486e-08
418.0,2.77761537286e-11,6.9024238334e-13,1.24562406254e-08
419.0,5.57300865138e-11,6.76243099538e-13,1.1295394934e-08
420.0,8.20882017972e-11,6.62648055871e-13,1.02719027125e-08
421.0,1.06347210416e-10,6.4937603249e-13,9.35673457849e-09
422.0,5.69858161022e-11,6.35790574857e-13,1.21208654018e-08
423.0,3.16337056699e-11,6.22295080697e-13,1.0730470498e-08
424.0,2.35478305643e-11,6.07967547863e-13,9.60885056743e-09
425.0,3.31819950073e-11,5.94326229797e-13,8.65550199159e-09
426.0,4.90230521091e-11,5.81133262145e-13,7.82526332006e-09
427.0,6.69339284488e-11,5.68355979771e-13,7.09325560654e-09
428.0,8.34301700658e-11,5.55969996387e-13,6.44394078651e-09
429.0,9.85320451952e-11,5.43964941647e-13,5.86870205866e-09
430.0,1.12174579292e-10,5.32289965999e-13,5.35156778484e-09
431.0,4.92059048047e-11,5.31605407001e-13,1.61229679548e-08
432.0,2.05394954242e-11,5.18328474408e-13,1.42737975209e-08
433.0,3.44594284229e-11,5.07699596471e-13,1.27792087014e-08
434.0,6.18365061669e-11,4.97554711564e-13,1.15034491348e-08
435.0,8.9509141801e-11,4.87742810609e-13,1.0387465598e-08
436.0,1.14301532019e-10,4.78207771735e-13,9.3999621083e-09
437.0,5.97335707381e-11,4.68427185156e-13,1.22890121985e-08
438.0,3.35837206554e-11,4.57975198588e-13,1.06398730246e-08
439.0,2.95124332533e-11,4.46717099211e-13,9.36188176474e-09
440.0,4.23265552627e-11,4.36138504377e-13,8.32524622248e-09
441.0,5.79506039574e-11,4.25997787943e-13,7.46485394065e-09
442.0,7.3393660467e-11,4.16284056686e-13,6.71603630291e-09
443.0,8.83819155579e-11,4.06927971632e-13,6.05564906424e-09
444.0,1.01999246121e-10,3.97931725947e-13,5.47080216884e-09
445.0,4.56028868531e-11,3.96236145407e-13,1.291401259e-08
446.0,2.27043698127e-11,3.85649881747e-13,1.09148825e-08
447.0,3.42740315154e-11,3.78229609045e-13,9.36802560584e-09
448.0,5.5679924843e-11,3.7108776705e-13,8.1267227842e-09
449.0,7.46707975409e-11,3.64129439501e-13,7.11085571111e-09
450.0,9.20804888272e-11,3.57299100027e-13,6.27949885955e-09
451.0,1.0759332517e-10,3.50544548315e-13,5.5965083902e-09
452.0,4.70427308511e-11,3.44379160043e-13,1.28511576572e-08
453.0,2.38768666716e-11,3.36258613058e-13,1.06374373698e-08
454.0,3.34770382049e-11,3.27183979761e-13,8.92030468893e-09
455.0,5.43679425652e-11,3.18869489886e-13,7.56456226824e-09
456.0,7.3662241457e-11,3.10994548703e-13,6.45232917813e-09
457.0,9.00639829652e-11,3.03524036471e-13,5.53608809796e-09
458.0,1.04068581031e-10,2.96435222671e-13,4.78050625082e-09
459.0,4.44117456533e-11,2.96163385995e-13,1.22076577525e-08
460.0,2.06714849641e-11,2.88007327112e-13,9.98867360628e-09
461.0,3.1109500693e-11,2.82741079749e-13,8.24622079268e-09
462.0,5.11782580284e-11,2.77674352605e-13,6.84091295003e-09
463.0,6.93260061056e-11,2.72729600478e-13,5.69804567027e-09
464.0,8.44181564528e-11,2.67813156198e-13,4.78084275848e-09
465.0,9.70118936835e-11,2.62926167185e-13,4.03507054057e-09
466.0,1.07621781561e-10,2.58058103327e-13,3.41896184017e-09
467.0,4.25465646752e-11,2.52596722081e-13,1.31471438688e-08
468.0,1.5117276336e-11,2.46283360307e-13,1.07168066524e-08
469.0,3.35905423843e-11,2.39024510604e-13,8.82283066507e-09
470.0,5.79205422489e-11,2.32426719591e-13,7.28957792296e-09
471.0,7.84625082522e-11,2.26249377825e-13,6.03624028262e-09
472.0,9.52300208895e-11,2.20469754786e-13,5.00842860256e-09
473.0,1.09086987661e-10,2.149948369e-13,4.1727428657e-09
474.0,4.57215088567e-11,2.18634958894e-13,1.24978985161e-08
475.0,1.55761000065e-11,2.11897037498e-13,1.01459500368e-08
476.0,2.64432485797e-11,2.08002842039e-13,8.30177639558e-09
477.0,4.88206858556e-11,2.04447963123e-13,6.8268614627e-09
478.0,6.8163296509e-11,2.00944718071e-13,5.63729815937e-09
479.0,8.41876120121e-11,1.97486019026e-13,4.67537655068e-09
480.0,9.73760957248e-11,1.94012940931e-13,3.88348958378e-09
481.0,1.08243581265e-10,1.90539717593e-13,3.23076137119e-09
482.0,4.22787267542e-11,1.8890143539e-13,1.29398239326e-08
483.0,1.14929015252e-11,1.83462421557e-13,1.05387266485e-08
484.0,2.92769633088e-11,1.77617017993e-13,8.64177189075e-09
485.0,5.38569396598e-11,1.7260391454e-13,7.11378081873e-09
486.0,7.42672068037e-11,1.6796672885e-13,5.87302917205e-09
487.0,9.11751979317e-11,1.6363840226e-13,4.87008990498e-09
488.0,1.05140059634e-10,1.59583873126e-13,4.05287618832e-09
489.0,4.35557336775e-11,1.62575325651e-13,1.17598656567e-08
490.0,1.34201556662e-11,1.56908120643e-13,9.59668069564e-09
491.0,2.13036946223e-11,1.5379915206e-13,7.88730509478e-09
492.0,4.34581966822e-11,1.5091295709e-13,6.51076186754e-09
493.0,6.20033481539e-11,1.48157858392e-13,5.39359828805e-09
494.0,7.73760100398e-11,1.4550193157e-13,4.49020470964e-09
495.0,9.01261076756e-11,1.42915082287e-13,3.75047547009e-09
496.0,1.00720140206e-10,1.40304877941e-13,3.14295699931e-09
497.0,3.91012057009e-11,1.4022452955e-13,1.19630654669e-08
498.0,9.29137488306e-12,1.35523625784e-13,9.81369107719e-09
499.0,2.51728632106e-11,1.3068764609e-13,8.10831450395e-09
500.0,4.85355598182e-11,1.26631940488e-13,6.72975664088e-09
501.0,6.77362978729e-11,1.23054026043e-13,5.60664000643e-09
502.0,8.36959724355e-11,1.19863111396e-13,4.69469883108e-09
503.0,9.69987447854e-11,1.16866618942e-13,3.94540891871e-09
504.0,1.08116139555e-10,1.14067061382e-13,3.33057438412e-09
505.0,4.15765922839e-11,1.23786166626e-13,1.30682608645e-08
506.0,8.82400744455e-12,1.1873624409e-13,1.07847601962e-08
507.0,2.74666465827e-11,1.15854551651e-13,8.96552116986e-09
508.0,5.30797010102e-11,1.13411826932e-13,7.49285343699e-09
509.0,7.44052964763e-11,1.11236538028e-13,6.29080499276e-09
510.0,9.20463892964e-11,1.09131546704e-13,5.30413163267e-09
511.0,1.06833901416e-10,1.07025785593e-13,4.50543228399e-09
512.0,4.44030041016e-11,1.07861077709e-13,1.21305152286e-08
513.0,1.23142760734e-11,1.03587856288e-13,1.00591516253e-08
514.0,1.92024188123e-11,9.84505120296e-14,8.40470819485e-09
515.0,4.26899382726e-11,9.43483141641e-14,7.06173612705e-09
516.0,6.2536512061e-11,9.09906025317e-14,5.96346490343e-09
517.0,7.90346972539e-11,8.81692440073e-14,5.08349259043e-09
518.0,9.293270532e-11,8.57542606889e-14,4.38042382894e-09
519.0,1.04679981816e-10,8.36290515489e-14,3.79919046918e-09
520.0,4.16162818759e-11,9.77103830846e-14,1.27798798231e-08
521.0,8.60009866978e-12,9.32547220141e-14,1.07181978848e-08
522.0,2.42706084853e-11,9.07886858043e-14,9.06940590134e-09
523.0,4.92282848287e-11,8.87696056765e-14,7.75328438765e-09
524.0,7.04208424149e-11,8.69827544764e-14,6.6807114774e-09
525.0,8.84870667147e-11,8.53228310767e-14,5.81615178204e-09
526.0,1.0382385436e-10,8.37187390609e-14,5.10259156355e-09
527.0,4.47250848762e-11,8.79516991402e-14,1.20240732891e-08
528.0,1.29326111223e-11,8.36288627331e-14,1.02331878183e-08
529.0,1.6264379385e-11,7.85720121086e-14,8.8204850538e-09
530.0,3.99921038867e-11,7.45191242194e-14,7.68169435872e-09
531.0,6.03569131281e-11,7.1231898983e-14,6.76145172703e-09
532.0,7.7901958485e-11,6.85828276273e-14,6.01588359573e-09
533.0,9.31480333229e-11,6.64496591745e-14,5.40938775413e-09
534.0,1.06444910317e-10,6.46719873279e-14,4.88833173524e-09
535.0,4.49223729888e-11,8.65179480378e-14,1.36385603858e-08
536.0,1.00319883881e-11,8.11632477278e-14,1.19848305333e-08
537.0,2.2573749633e-11,7.80470605709e-14,1.06803659942e-08
538.0,5.01729264512e-11,7.56453379325e-14,9.61673001032e-09
539.0,7.4730182857e-11,7.36918640381e-14,8.69596480273e-09
540.0,9.66892107391e-11,7.20004083973e-14,7.8876986903e-09
541.0,1.1634709441e-10,7.05009493915e-14,7.1931590868e-09
542.0,5.44613236883e-11,8.62632645524e-14,1.44989716017e-08
543.0,1.83712757471e-11,8.04626684339e-14,1.30572364941e-08
544.0,1.56285314932e-11,7.44381948564e-14,1.18130136197e-08
545.0,4.50510298744e-11,6.95488819567e-14,1.07341027363e-08
546.0,7.1602144179e-11,6.55960664492e-14,9.78769863507e-09
547.0,9.55881509065e-11,6.23901336832e-14,8.93804625639e-09
548.0,1.17369384043e-10,5.98655355223e-14,8.16865991952e-09
549.0,5.72674414958e-11,8.08847589255e-14,1.49368840453e-08
550.0,2.21309764785e-11,7.49367267043e-14,1.35222426141e-08
551.0,1.25447069218e-11,7.03817194667e-14,1.23014601166e-08
552.0,4.17575825957e-11,6.70255764579e-14,1.121797302e-08
553.0,6.89205909499e-11,6.43420825268e-14,1.02436729239e-08
554.0,9.36767255682e-11,6.21979482324e-14,9.36156357084e-09
555.0,1.16266342465e-10,6.05018302935e-14,8.55976556342e-09
556.0,5.81644563516e-11,7.82961231548e-14,1.51087958651e-08
557.0,2.40566057597e-11,7.25413366578e-14,1.36677821585e-08
558.0,1.25291193244e-11,6.65764417319e-14,1.2432426511e-08
559.0,4.02423469032e-11,6.18552911017e-14,1.13383024631e-08
560.0,6.72533949348e-11,5.79954455965e-14,1.03548537113e-08
561.0,9.20384166377e-11,5.48373268045e-14,9.46434477355e-09
562.0,1.14785733986e-10,5.23153430164e-14,8.65474361689e-09
563.0,5.84758805004e-11,7.1061630691e-14,1.49955837036e-08
564.0,2.52464380943e-11,6.54061467883e-14,1.35396409227e-08
565.0,1.41807816042e-11,6.0388656999e-14,1.23069978431e-08
566.0,3.98172808316e-11,5.64651224671e-14,1.12218154441e-08
567.0,6.63678139334e-11,5.34204674554e-14,1.02493512595e-08
568.0,9.07680236121e-11,5.1056115824e-14,9.37024437239e-09
569.0,1.13121267745e-10,4.92792428135e-14,8.57182798807e-09
570.0,5.76569941975e-11,6.71886842732e-14,1.47824501297e-08
571.0,2.59493891524e-11,6.16889588932e-14,1.33035581749e-08
572.0,1.68002356742e-11,5.65487388244e-14,1.2067223059e-08
573.0,3.96435164175e-11,5.24882111569e-14,1.09865288046e-08
574.0,6.52487546244e-11,4.92357425546e-14,1.00223448866e-08
575.0,8.90636546697e-11,4.66189296547e-14,9.15332262506e-09
576.0,1.1099682721e-10,4.45375984052e-14,8.36573029977e-09
577.0,5.5998055099e-11,6.24927478163e-14,1.43008624936e-08
578.0,2.64689116321e-11,5.72772483347e-14,1.27969571563e-08
579.0,2.00671590923e-11,5.21324240648e-14,1.15637936613e-08
580.0,3.97008948315e-11,4.81267110807e-14,1.05071280538e-08
581.0,6.37096425743e-11,4.50189189654e-14,9.5694052001e-09
582.0,8.60193848037e-11,4.26278862069e-14,8.72745165825e-09
583.0,1.0650219732e-10,4.07595827693e-14,7.96668385739e-09
584.0,5.36304605356e-11,5.34234739841e-14,1.35637119476e-08
585.0,2.64685362091e-11,4.89190403363e-14,1.206018996e-08
586.0,2.31023060188e-11,4.4711918975e-14,1.08334566669e-08
587.0,3.97717456505e-11,4.16627178595e-14,9.78218018391e-09
588.0,6.17673169829e-11,3.93291141572e-14,8.86054200925e-09
589.0,8.25629490635e-11,3.75284067812e-14,8.04440337511e-09
590.0,1.01378745655e-10,3.61710098895e-14,7.32376183685e-09
591.0,5.05109286829e-11,5.00100035892e-14,1.23871383572e-08
592.0,2.59339131046e-11,4.57119165782e-14,1.08845924833e-08
593.0,2.56412199023e-11,4.08835330894e-14,9.70871364151e-09
594.0,4.12618381617e-11,3.720631605e-14,8.72071226245e-09
595.0,5.90339526649e-11,3.43860613718e-14,7.86102864291e-09
596.0,7.74236655078e-11,3.23249624631e-14,7.10327817075e-09
597.0,9.42328648565e-11,3.07855180774e-14,6.43078996872e-09
598.0,1.09291004935e-10,2.96133785485e-14,5.83226933215e-09
599.0,4.92910632539e-11,4.88608269682e-14,1.4295594811e-08
600.0,2.27206970525e-11,4.40645566922e-14,1.24818339404e-08
601.0,3.39305258805e-11,4.02187416545e-14,1.10512862208e-08
602.0,5.63912679499e-11,3.75723282446e-14,9.88234691766e-09
603.0,7.91015546723e-11,3.56727685274e-14,8.88417121764e-09
604.0,1.00184981806e-10,3.43649140006e-14,8.00679289481e-09
605.0,5.16889911954e-11,3.77247171313e-14,1.06803065673e-08
606.0,3.03421466294e-11,3.43547324709e-14,8.95412482793e-09
607.0,2.94192413994e-11,3.02642121374e-14,7.63466029859e-09
608.0,4.14928799849e-11,2.71963327805e-14,6.57421279957e-09
609.0,5.58025128372e-11,2.49222205842e-14,5.70954600007e-09
610.0,6.85078845161e-11,2.32921446074e-14,4.99862131049e-09
611.0,7.93393222884e-11,2.21027502179e-14,4.42626021645e-09
612.0,8.91571827561e-11,2.12167537939e-14,3.96034035596e-09
613.0,9.81950102239e-11,2.05287089652e-14,3.56235740658e-09
614.0,1.06076673761e-10,1.99990951294e-14,3.21317562292e-09
615.0,3.99803597305e-11,3.96030568558e-14,1.44350396044e-08
616.0,1.92053170804e-11,3.5332304565e-14,1.20078404375e-08
617.0,4.25681847222e-11,3.1856815437e-14,1.01449007485e-08
618.0,6.8984569912e-11,2.98872631498e-14,8.64349743351e-09
619.0,9.14445565492e-11,2.88083550604e-14,7.40944428005e-09
620.0,1.11289142032e-10,2.82890099e-14,6.3868409864e-09
621.0,5.12160586771e-11,3.37469924606e-14,1.21365017585e-08
622.0,2.548965827e-11,3.01415980522e-14,9.9297351367e-09
623.0,2.90515315041e-11,2.56979630966e-14,8.20524947423e-09
624.0,4.62368217416e-11,2.26612093005e-14,6.82325352048e-09
625.0,6.39649940933e-11,2.07101609631e-14,5.71753000633e-09
626.0,7.87466328558e-11,1.94001713652e-14,4.8266064336e-09
627.0,9.12107386187e-11,1.85602605243e-14,4.09168637092e-09
628.0,1.01754940211e-10,1.79477129729e-14,3.47990722166e-09
629.0,4.04680798703e-11,2.89288631231e-14,1.23034880646e-08
630.0,1.56845549805e-11,2.51299470289e-14,1.00075027344e-08
631.0,3.20003507734e-11,2.19090832892e-14,8.23223469613e-09
632.0,5.43419897712e-11,2.02604597898e-14,6.79431243706e-09
633.0,7.32980003043e-11,1.96204903723e-14,5.61789469337e-09
634.0,8.88585709946e-11,1.94051677221e-14,4.66035137328e-09
635.0,1.01714313797e-10,1.92326481647e-14,3.87357726309e-09
636.0,4.25541085732e-11,2.91671777298e-14,1.16141784985e-08
637.0,1.44960881213e-11,2.54571212628e-14,9.41494344501e-09
638.0,2.48033479639e-11,2.14551410221e-14,7.68886153444e-09
639.0,4.56468138156e-11,1.87285970853e-14,6.30779150522e-09
640.0,6.34947629323e-11,1.69179115196e-14,5.199242866e-09
641.0,7.84202383612e-11,1.57490690053e-14,4.30462101076e-09
642.0,9.06776061351e-11,1.49353309412e-14,3.56790961623e-09
643.0,1.00761490572e-10,1.43631173527e-14,2.96076702342e-09
644.0,3.91260091982e-11,2.90509107608e-14,1.20326388118e-08
645.0,1.0282174726e-11,2.51051685843e-14,9.79518138376e-09
646.0,2.71314468606e-11,2.18640434552e-14,8.02606398592e-09
647.0,5.01012095112e-11,2.00419853679e-14,6.59978372001e-09
648.0,6.90016181278e-11,1.90615810366e-14,5.44162659754e-09
649.0,8.47216972348e-11,1.85008852127e-14,4.51109524851e-09
650.0,9.7693939971e-11,1.81654902287e-14,3.7529284134e-09
651.0,1.08418161964e-10,1.79012352339e-14,3.13339639983e-09
652.0,4.17689015328e-11,3.24558118227e-14,1.30178497362e-08
653.0,9.74832730186e-12,2.83555892611e-14,1.06533658872e-08
654.0,2.8792237396e-11,2.41331592946e-14,8.77796477748e-09
655.0,5.40851916727e-11,2.14864118259e-14,7.26406408693e-09
656.0,7.4991586511e-11,1.98910053376e-14,6.03271402793e-09
657.0,9.21383662408e-11,1.89338834487e-14,5.02687127194e-09
658.0,1.06368540762e-10,1.83511542717e-14,4.20918278091e-09
659.0,4.37970950736e-11,3.03169788954e-14,1.19375017708e-08
660.0,1.253473275e-11,2.6410394214e-14,9.79289615336e-09
661.0,2.05733148165e-11,2.29395964328e-14,8.0921424387e-09
662.0,4.36005558814e-11,2.09974660116e-14,6.7173183807e-09
663.0,6.27868579004e-11,1.99971198254e-14,5.59680803634e-09
664.0,7.87312454214e-11,1.95424803923e-14,4.68646183437e-09
665.0,9.20179112974e-11,1.93409993937e-14,3.93826732208e-09
666.0,1.03120230075e-10,1.92115007934e-14,3.32295789613e-09
667.0,4.00715450658e-11,3.12776592362e-14,1.23013061468e-08
668.0,8.71403920755e-12,2.75382636965e-14,1.01475727759e-08
669.0,2.4785688785e-11,2.39426296133e-14,8.43276580706e-09
670.0,4.89218928148e-11,2.19202815194e-14,7.04537266313e-09
671.0,6.90276787652e-11,2.06856730044e-14,5.91329253524e-09
672.0,8.56583479087e-11,1.98685507799e-14,4.98422768955e-09
673.0,9.96006644624e-11,1.92717330383e-14,4.22426541335e-09
674.0,1.11324651054e-10,1.87970500802e-14,3.61208074654e-09
675.0,4.32973899245e-11,3.54873078245e-14,1.35757246267e-08
676.0,8.50362097076e-12,3.14074192738e-14,1.1300706213e-08
677.0,2.73380127473e-11,2.78838837832e-14,9.47350038216e-09
678.0,5.39171148339e-11,2.57953049112e-14,7.98453045152e-09
679.0,7.62524211622e-11,2.460543122e-14,6.77806851044e-09
680.0,9.50162512852e-11,2.38773138657e-14,5.82289610222e-09
681.0,1.10698838155e-10,2.346897788e-14,5.03748285207e-09
682.0,4.68868378028e-11,3.58786939598e-14,1.27150945358e-08
683.0,1.29510483446e-11,3.23095521878e-14,1.0687612924e-08
684.0,1.84620522015e-11,2.86836640013e-14,9.06723948519e-09
685.0,4.33522639463e-11,2.64939234255e-14,7.77442831359e-09
686.0,6.45489154805e-11,2.49472023689e-14,6.71933225816e-09
687.0,8.26612899436e-11,2.37606402165e-14,5.86995868424e-09
688.0,9.80703647899e-11,2.28214267814e-14,5.16946773367e-09
689.0,1.11378658195e-10,2.20811525935e-14,4.60225378402e-09
690.0,4.5439637365e-11,4.27688299504e-14,1.39110415068e-08
691.0,9.29468209766e-12,3.87837269387e-14,1.19653954345e-08
692.0,2.44495805864e-11,3.48340777272e-14,1.04140512684e-08
693.0,5.19859557957e-11,3.23172210147e-14,9.16097545705e-09
694.0,7.57700507571e-11,3.05586340896e-14,8.14994631961e-09
695.0,9.65861597452e-11,2.93658555397e-14,7.33258895748e-09
696.0,1.14843289484e-10,2.85030689367e-14,6.63774022085e-09
697.0,5.21486328396e-11,4.89215094661e-14,1.38194219244e-08
698.0,1.66088008104e-11,4.43478094629e-14,1.22356164115e-08
699.0,1.60300683863e-11,3.97979583494e-14,1.09871258513e-08
700.0,4.41585769408e-11,3.64935653981e-14,9.93411291087e-09
701.0,6.93869589254e-11,3.40468900715e-14,9.00868400972e-09
702.0,9.19970273566e-11,3.21974827396e-14,8.2065417723e-09
703.0,1.12295313348e-10,3.0750950259e-14,7.49988240831e-09
704.0,5.40399272219e-11,4.80273649136e-14,1.37714792383e-08
705.0,2.00323572268e-11,4.39153631501e-14,1.24406458473e-08
706.0,1.19082985686e-11,3.9369593363e-14,1.12857191129e-08
707.0,3.97556728147e-11,3.61604362039e-14,1.02803416813e-08
708.0,6.50230454058e-11,3.37729038001e-14,9.39166161328e-09
709.0,8.79346896147e-11,3.19921963762e-14,8.58897915107e-09
710.0,1.08831397637e-10,3.06983432682e-14,7.85918869646e-09
711.0,5.39197084906e-11,4.90752781608e-14,1.37956722824e-08
712.0,2.18117191992e-11,4.48724995633e-14,1.25119864793e-08
713.0,1.04770946424e-11,4.00290979551e-14,1.14014773e-08
714.0,3.68778304756e-11,3.649702218e-14,1.041188429e-08
715.0,6.19999589945e-11,3.37925696934e-14,9.51854820189e-09
716.0,8.49811769349e-11,3.17220590425e-14,8.70704551663e-09
717.0,1.06000781703e-10,3.01655195635e-14,7.96735541267e-09
718.0,5.36450949462e-11,4.76165017008e-14,1.37696942906e-08
719.0,2.28250637657e-11,4.33590681871e-14,1.24654176098e-08
720.0,1.12851566588e-11,3.89238718461e-14,1.13484419703e-08
721.0,3.60366427212e-11,3.57097473785e-14,1.0358052109e-08
722.0,6.0508310093e-11,3.32315833837e-14,9.46629149873e-09
723.0,8.31172473664e-11,3.13250084328e-14,8.65729915625e-09
724.0,1.03844932326e-10,2.98858107205e-14,7.92050592209e-09
725.0,5.31865031355e-11,4.66287480771e-14,1.35859042235e-08
726.0,2.33957462222e-11,4.23591432055e-14,1.22674517753e-08
727.0,1.3373246147e-11,3.78905409895e-14,1.11539747689e-08
728.0,3.59648508491e-11,3.44568673023e-14,1.0173922748e-08
729.0,5.98742911924e-11,3.18474908406e-14,9.29522383853e-09
730.0,8.20088361887e-11,2.98830220561e-14,8.50030540232e-09
731.0,1.02275648913e-10,2.84325825406e-14,7.77785859522e-09
732.0,5.20665981342e-11,4.47970749074e-14,1.33024381304e-08
733.0,2.38635476351e-11,4.08730465496e-14,1.19655159934e-08
734.0,1.58341650548e-11,3.65137105931e-14,1.08511087101e-08
735.0,3.57377186823e-11,3.34223164051e-14,9.87825576167e-09
736.0,5.8545991141e-11,3.10164543431e-14,9.01085924009e-09
737.0,7.98208473053e-11,2.91993199912e-14,8.2292982602e-09
738.0,9.95740010638e-11,2.78160408085e-14,7.52112043858e-09
739.0,1.17612503654e-10,2.67909887992e-14,6.87737740004e-09
740.0,5.44779388948e-11,5.58479126175e-14,1.68849293198e-08
741.0,2.10972913057e-11,5.03464733709e-14,1.51533213407e-08
742.0,2.63758017027e-11,4.53815034268e-14,1.37205896404e-08
743.0,5.66711546897e-11,4.14998569571e-14,1.24794638489e-08
744.0,8.59367666977e-11,3.86135167439e-14,1.13736216e-08
745.0,1.12825920215e-10,3.64392300164e-14,1.0378328126e-08
746.0,6.15646917463e-11,4.10575196005e-14,1.26593439564e-08
747.0,3.48915188441e-11,3.73214210755e-14,1.12255001484e-08
748.0,2.47944530861e-11,3.30326296122e-14,1.00683326919e-08
749.0,3.23715098656e-11,2.99079021708e-14,9.08224301753e-09
750.0,4.79596554186e-11,2.75018658172e-14,8.22046138843e-09
751.0,6.6586437172e-11,2.5700359605e-14,7.45886513294e-09
752.0,8.39013599159e-11,2.43641681817e-14,6.78940671367e-09
753.0,9.95848208612e-11,2.33641560543e-14,6.19142823657e-09
754.0,1.13794038837e-10,2.26143394056e-14,5.64962683169e-09
755.0,5.03970220229e-11,5.04313097689e-14,1.63163963601e-08
756.0,2.13664857209e-11,4.56352573574e-14,1.44750720425e-08
757.0,3.4350912194e-11,4.08550945229e-14,1.29671157159e-08
758.0,6.20970855269e-11,3.75027423547e-14,1.16754646252e-08
759.0,9.0052299921e-11,3.5067497647e-14,1.05452530862e-08
760.0,1.15379754755e-10,3.32737764562e-14,9.54608561017e-09
761.0,6.06186190945e-11,3.7354463843e-14,1.23932063651e-08
762.0,3.43188362254e-11,3.40354594526e-14,1.07685823739e-08
763.0,3.03665441734e-11,2.98518238738e-14,9.49824882537e-09
764.0,4.31371248409e-11,2.69699135701e-14,8.46233329195e-09
765.0,5.83721880491e-11,2.48944791837e-14,7.59622758648e-09
766.0,7.36320451742e-11,2.33621517018e-14,6.83751256433e-09
767.0,8.86522488531e-11,2.21989155647e-14,6.16717504086e-09
768.0,1.02467280985e-10,2.13691281564e-14,5.5726586886e-09
769.0,4.58952591202e-11,3.47555593969e-14,1.2894448572e-08
770.0,2.31612214429e-11,3.11827720272e-14,1.0902221362e-08
771.0,3.50606896363e-11,2.73946329587e-14,9.36411513954e-09
772.0,5.66444574056e-11,2.50176161434e-14,8.11991926249e-09
773.0,7.54053203191e-11,2.34534949832e-14,7.11311053421e-09
774.0,9.30610209134e-11,2.2435574402e-14,6.29915670116e-09
775.0,1.08520098316e-10,2.1724944297e-14,5.64081105749e-09
776.0,4.74722571852e-11,3.01363838308e-14,1.29678980521e-08
777.0,2.4207255064e-11,2.67658181987e-14,1.06993402684e-08
778.0,3.4222099488e-11,2.30150501372e-14,8.95608064943e-09
779.0,5.54203867936e-11,2.0843203491e-14,7.58393289175e-09
780.0,7.49376283135e-11,1.95601709817e-14,6.46149277112e-09
781.0,9.12146068005e-11,1.87641670799e-14,5.53220815545e-09
782.0,1.05148464603e-10,1.82029774301e-14,4.77139923571e-09
783.0,4.45860712851e-11,2.57976142739e-14,1.23397989225e-08
784.0,2.10074955998e-11,2.24876004211e-14,1.00714302951e-08
785.0,3.16296829644e-11,1.88668974074e-14,8.28605986354e-09
786.0,5.2164934635e-11,1.67853628177e-14,6.84754829709e-09
787.0,7.05588154841e-11,1.55877186295e-14,5.68244621101e-09
788.0,8.58715569741e-11,1.49756068069e-14,4.7601310164e-09
789.0,9.85919472366e-11,1.46980911322e-14,4.00605626697e-09
790.0,1.09349380315e-10,1.45382803315e-14,3.37642624281e-09
791.0,4.29362493133e-11,2.75708997839e-14,1.33110950737e-08
792.0,1.50481810709e-11,2.36077720281e-14,1.08425254874e-08
793.0,3.41334295121e-11,1.98950430912e-14,8.90766173363e-09
794.0,5.88777515114e-11,1.77286285307e-14,7.34128435209e-09
795.0,7.96819300335e-11,1.64582902538e-14,6.05895911817e-09
796.0,9.65737094213e-11,1.57612113146e-14,5.00772319987e-09
797.0,1.10504366284e-10,1.54226645589e-14,4.15372421266e-09
798.0,4.62141828587e-11,2.63217088783e-14,1.26418341352e-08
799.0,1.5247237155e-11,2.25763148054e-14,1.02448402313e-08
800.0,2.67110844339e-11,1.88636584899e-14,8.368028276e-09
801.0,4.95010134044e-11,1.66251308125e-14,6.87657861009e-09
802.0,6.91903957818e-11,1.53850756875e-14,5.67614732824e-09
803.0,8.54550729661e-11,1.48133414006e-14,4.69815668379e-09
804.0,9.88021087775e-11,1.45740536663e-14,3.89224596189e-09
805.0,1.09774282343e-10,1.44744896347e-14,3.22824589011e-09
806.0,4.2733964359e-11,2.73311327478e-14,1.31042873972e-08
807.0,1.12557259979e-11,2.3477489116e-14,1.06624173511e-08
808.0,2.94933352887e-11,1.99826391049e-14,8.7298229108e-09
809.0,5.44140863405e-11,1.80607119758e-14,7.17346513548e-09
810.0,7.51376005994e-11,1.70620215591e-14,5.9105140589e-09
811.0,9.22519553635e-11,1.65113329735e-14,4.88940332555e-09
812.0,1.0636353375e-10,1.61805567147e-14,4.05560827639e-09
813.0,4.39699811967e-11,2.53151898674e-14,1.18443496573e-08
814.0,1.33157014035e-11,2.18728016042e-14,9.6611065165e-09
815.0,2.11814550168e-11,1.83424542199e-14,7.93443748519e-09
816.0,4.36641869894e-11,1.63039696361e-14,6.54369541498e-09
817.0,6.23955516163e-11,1.52147928712e-14,5.41513113127e-09
818.0,7.79068933958e-11,1.47242784333e-14,4.50248229728e-09
819.0,9.07733408994e-11,1.45366536107e-14,3.75559457668e-09
820.0,1.01462459234e-10,1.44509167065e-14,3.14289241908e-09
821.0,3.94344542597e-11,2.61043237784e-14,1.19981953001e-08
822.0,9.18750881581e-12,2.25628362611e-14,9.84385638382e-09
823.0,2.48767844073e-11,1.95765253361e-14,8.13264627965e-09
824.0,4.84210041568e-11,1.79998116135e-14,6.7490403505e-09
825.0,6.77176709473e-11,1.7133786093e-14,5.62127466113e-09
826.0,8.37450236232e-11,1.66194372895e-14,4.70502632537e-09
827.0,9.70998289404e-11,1.62640423534e-14,3.95114269361e-09
828.0,1.08258005243e-10,1.5971145452e-14,3.32970617395e-09
829.0,4.16793197604e-11,2.93716652571e-14,1.30305554749e-08
830.0,8.71302940577e-12,2.56027273046e-14,1.07567676802e-08
831.0,2.70818084681e-11,2.20379573449e-14,8.94441647591e-09
832.0,5.2741698548e-11,2.01711644337e-14,7.47689254023e-09
833.0,7.40869016632e-11,1.9241028682e-14,6.27870733937e-09
834.0,9.17481296027e-11,1.8749323252e-14,5.29493000318e-09
835.0,1.06560605431e-10,1.84819745827e-14,4.49741998246e-09
836.0,4.43369117935e-11,2.81038106344e-14,1.20607449667e-08
837.0,1.21933434334e-11,2.47474497612e-14,1.00083983437e-08
838.0,1.86285937318e-11,2.15837100676e-14,8.36802185259e-09
839.0,4.20638479115e-11,1.98323126678e-14,7.03608947603e-09
840.0,6.1845155249e-11,1.88043557998e-14,5.94494655433e-09
841.0,7.82920421619e-11,1.8137095235e-14,5.06574426886e-09
842.0,9.21564119322e-11,1.76738719444e-14,4.37313821233e-09
843.0,1.03881107408e-10,1.73248822217e-14,3.80064881015e-09
844.0,4.1424139663e-11,3.13204042318e-14,1.26522314875e-08
845.0,8.48315741204e-12,2.7887238895e-14,1.06140965616e-08
846.0,2.36514097798e-11,2.48036442525e-14,8.99149050243e-09
847.0,4.83606967152e-11,2.30521742313e-14,7.7033597436e-09
848.0,6.93596644478e-11,2.20283713112e-14,6.65621470915e-09
849.0,8.7294953093e-11,2.13730787642e-14,5.80255230538e-09
850.0,1.02559686929e-10,2.09909881767e-14,5.1027209408e-09
851.0,4.43527685401e-11,3.2660894846e-14,1.18713281475e-08
852.0,1.28426438878e-11,2.95597839057e-14,1.01259110237e-08
853.0,1.55813927791e-11,2.63802272565e-14,8.74405223822e-09
854.0,3.90888381831e-11,2.43792879712e-14,7.64094375087e-09
855.0,5.92939421998e-11,2.30521016098e-14,6.74245101563e-09
856.0,7.67392104462e-11,2.22079351509e-14,6.01685942354e-09
857.0,9.18694640121e-11,2.15842910394e-14,5.42943481585e-09
858.0,1.05097878201e-10,2.11753450333e-14,4.92657785945e-09
859.0,4.46622608115e-11,4.15450275097e-14,1.34698889536e-08
860.0,9.93638498319e-12,3.77712239189e-14,1.18832426762e-08
861.0,2.16793289541e-11,3.40692139105e-14,1.0626680515e-08
862.0,4.90628331341e-11,3.16853416287e-14,9.61705283096e-09
863.0,7.35012647488e-11,3.00540165628e-14,8.73882353355e-09
864.0,9.55007595934e-11,2.89596836738e-14,7.95659305454e-09
865.0,1.15300793667e-10,2.82239410654e-14,7.27991286973e-09
866.0,5.45245445404e-11,4.69780428099e-14,1.43973489612e-08
867.0,1.86838329607e-11,4.29392144367e-14,1.30462255379e-08
868.0,1.48770620437e-11,3.84271991077e-14,1.18570830799e-08
869.0,4.42733960752e-11,3.54114764885e-14,1.08066441511e-08
870.0,7.08827087066e-11,3.32813581373e-14,9.88380284278e-09
871.0,9.50013973577e-11,3.17743464989e-14,9.04561978199e-09
872.0,1.16961132452e-10,3.07399698932e-14,8.27960804629e-09
873.0,5.75190015371e-11,4.83365290237e-14,1.4948043795e-08
874.0,2.25580672315e-11,4.41431040712e-14,1.35752701036e-08
875.0,1.1971639824e-11,3.96528316094e-14,1.23829215503e-08
876.0,4.12462208301e-11,3.65168042676e-14,1.13150072613e-08
877.0,6.85512020312e-11,3.42778408614e-14,1.03477703029e-08
878.0,9.35074048925e-11,3.26791809314e-14,9.46737543041e-09
879.0,1.16293109146e-10,3.1565574305e-14,8.66394799219e-09
880.0,5.85278908858e-11,4.87214518483e-14,1.51553703344e-08
881.0,2.45219268269e-11,4.447942861e-14,1.37307448068e-08
882.0,1.20431329743e-11,3.97981181166e-14,1.25059439024e-08
883.0,3.98067738221e-11,3.64947709145e-14,1.14174798398e-08
884.0,6.69160722623e-11,3.40906808162e-14,1.04362008913e-08
885.0,9.18674972231e-11,3.23362623634e-14,9.54538453819e-09
886.0,1.14860435979e-10,3.11799107414e-14,8.7337251275e-09
887.0,5.88064503888e-11,4.78004228286e-14,1.50107991021e-08
888.0,2.56384705217e-11,4.34436721964e-14,1.35634001938e-08
889.0,1.40816100532e-11,3.90338788445e-14,1.23378257731e-08
890.0,3.96080174709e-11,3.58502118203e-14,1.12576363504e-08
891.0,6.62370749854e-11,3.35369276046e-14,1.02883982749e-08
892.0,9.0688006742e-11,3.18742010163e-14,9.4111840503e-09
893.0,1.13124131682e-10,3.06684813209e-14,8.61373469641e-09
894.0,5.78692508121e-11,4.63531350848e-14,1.47589568407e-08
895.0,2.63051345143e-11,4.18829351965e-14,1.32845065396e-08
896.0,1.68365542605e-11,3.75915003119e-14,1.20529035415e-08
897.0,3.93661346049e-11,3.43667731102e-14,1.09760990237e-08
898.0,6.49108898453e-11,3.20139392434e-14,1.00148980898e-08
899.0,8.87824598961e-11,3.03972837138e-14,9.14802818066e-09
900.0,1.10724983392e-10,2.93043887299e-14,8.36196921888e-09
901.0,5.58245450096e-11,4.3767113687e-14,1.4203651911e-08
902.0,2.66417853112e-11,3.97936882071e-14,1.27048224526e-08
903.0,2.03811949182e-11,3.56428630072e-14,1.14837973046e-08
904.0,3.94814382069e-11,3.27120058346e-14,1.04334870952e-08
905.0,6.32225855483e-11,3.0564937633e-14,9.50162627237e-09
906.0,8.53480032908e-11,2.90771271105e-14,8.66501834975e-09
907.0,1.05621523313e-10,2.80365050586e-14,7.90912372628e-09
908.0,5.32497434402e-11,4.01630990864e-14,1.34080594013e-08
909.0,2.65248941627e-11,3.6302599988e-14,1.19100150765e-08
910.0,2.34912084324e-11,3.24699294359e-14,1.0689485702e-08
911.0,3.94973469291e-11,2.97226157594e-14,9.6440435975e-09
912.0,6.11965018564e-11,2.77859319482e-14,8.72763180147e-09
913.0,8.17336514009e-11,2.64135459857e-14,7.91932849839e-09
914.0,1.00186284865e-10,2.54738677732e-14,7.2118554073e-09
915.0,4.98505875987e-11,3.54835460325e-14,1.2159454267e-08
916.0,2.57557304231e-11,3.20657619224e-14,1.06662516014e-08
917.0,2.59916946317e-11,2.86661186548e-14,9.51062848105e-09
918.0,4.12188325401e-11,2.63239601438e-14,8.5352965045e-09
919.0,5.82298066192e-11,2.46550171578e-14,7.68750240326e-09
920.0,7.64271370468e-11,2.3488876162e-14,6.94059939087e-09
921.0,9.28285564471e-11,2.26890814196e-14,6.27757752864e-09
922.0,1.07525208498e-10,2.21408329153e-14,5.68695423031e-09
923.0,4.83533545531e-11,3.92232175338e-14,1.39207960946e-08
924.0,2.24498176103e-11,3.53603364513e-14,1.21359316783e-08
925.0,3.41103598328e-11,3.15293942901e-14,1.07238043058e-08
926.0,5.5882469725e-11,2.91204095049e-14,9.58586742307e-09
927.0,7.76396100556e-11,2.76014879459e-14,8.60933854573e-09
928.0,9.82980759794e-11,2.65938941373e-14,7.75178538402e-09
929.0,1.17313082595e-10,2.59461977957e-14,6.99308915739e-09
930.0,5.44938217928e-11,3.74042531209e-14,1.40940952731e-08
931.0,2.74232168852e-11,3.38825476913e-14,1.19999653017e-08
932.0,3.47726945306e-11,2.99358614356e-14,1.0386764291e-08
933.0,5.74416739602e-11,2.75954894127e-14,9.0932054456e-09
934.0,7.77208499883e-11,2.60749701814e-14,8.06421588533e-09
935.0,9.70122159792e-11,2.50573546103e-14,7.2314568386e-09
936.0,1.13919660419e-10,2.43915900477e-14,6.50063396051e-09
937.0,5.16678797125e-11,3.13184579765e-14,1.35565717565e-08
938.0,2.68543122427e-11,2.80677032409e-14,1.12406927058e-08
939.0,3.60461722355e-11,2.44567315038e-14,9.49632462349e-09
940.0,5.76261055718e-11,2.24287625084e-14,8.07588772583e-09
941.0,7.79408575425e-11,2.12907114961e-14,6.91984579454e-09
942.0,9.464488084e-11,2.06358692022e-14,5.96815201355e-09
943.0,1.09559547909e-10,2.02661242642e-14,5.19782901028e-09
944.0,4.67537778303e-11,2.54082179668e-14,1.29195730293e-08
945.0,2.32240275496e-11,2.23962571397e-14,1.05467981861e-08
946.0,3.38471010274e-11,1.91402591341e-14,8.68666398125e-09
947.0,5.50789647205e-11,1.75027467192e-14,7.19755403765e-09
948.0,7.44082941452e-11,1.66876724201e-14,6.00692869714e-09
949.0,9.03395873798e-11,1.63404256126e-14,5.04504068145e-09
950.0,1.03925343371e-10,1.616369401e-14,4.25220434873e-09
951.0,4.35960969566e-11,2.300420049e-14,1.18858667481e-08
952.0,1.71016182923e-11,1.97385874023e-14,9.60583460812e-09
953.0,2.82883323124e-11,1.65987256471e-14,7.87222875813e-09
954.0,4.87855672989e-11,1.48520922155e-14,6.48089259832e-09
955.0,6.68704185382e-11,1.39720362276e-14,5.34463413466e-09
956.0,8.19658906961e-11,1.35952034344e-14,4.4193906911e-09
957.0,9.42996417582e-11,1.34020593802e-14,3.65543368126e-09
958.0,1.04390876238e-10,1.32785883617e-14,3.02708311306e-09
959.0,4.07436629531e-11,2.45891494871e-14,1.25548371251e-08
960.0,1.14218551932e-11,2.10626074677e-14,1.01948616374e-08
961.0,2.95402715254e-11,1.79351349348e-14,8.33119544294e-09
962.0,5.30666369165e-11,1.63308831518e-14,6.83259207427e-09
963.0,7.27821519692e-11,1.55912770814e-14,5.63094303971e-09
964.0,8.90743352408e-11,1.5289622031e-14,4.66828276938e-09
965.0,1.02480717552e-10,1.51275599648e-14,3.87470177242e-09
966.0,4.22448709225e-11,2.30525228143e-14,1.14532094802e-08
967.0,1.28897863154e-11,1.98420875173e-14,9.33030528144e-09
968.0,2.11988939026e-11,1.66880064788e-14,7.65134299087e-09
969.0,4.27584853201e-11,1.49762604001e-14,6.30051397654e-09
970.0,6.07769233121e-11,1.41865890902e-14,5.20699806369e-09
971.0,7.56434009875e-11,1.38669093917e-14,4.3249689133e-09
972.0,8.79951954989e-11,1.37412161563e-14,3.60423505516e-09
973.0,9.8271305575e-11,1.3631122012e-14,3.01254895316e-09
974.0,1.06816608019e-10,1.34848623771e-14,2.52676453297e-09
975.0,3.93253543101e-11,2.77737315417e-14,1.33205695044e-08
976.0,7.56225504236e-12,2.39694559833e-14,1.09393187032e-08
977.0,3.21156997183e-11,2.1090290771e-14,9.04449134016e-09
978.0,5.82192891873e-11,1.97071713556e-14,7.5107423712e-09
979.0,7.97917399368e-11,1.90321838667e-14,6.25979785371e-09
980.0,9.75315448763e-11,1.87164983488e-14,5.23499441266e-09
981.0,1.1230844785e-10,1.84968038863e-14,4.39929179944e-09
982.0,4.59408016809e-11,2.72072260005e-14,1.27019849886e-08
983.0,1.24579029159e-11,2.36604661647e-14,1.0458414866e-08
984.0,2.17377812357e-11,2.01306852279e-14,8.67618687369e-09
985.0,4.64657999534e-11,1.83552936953e-14,7.23532768902e-09
986.0,6.72404146772e-11,1.75278882711e-14,6.06070097697e-09
987.0,8.44001086761e-11,1.71990001705e-14,5.09831476972e-09
988.0,9.87642655818e-11,1.70475408386e-14,4.31293171492e-09
989.0,1.1082646692e-10,1.69139318632e-14,3.67654800763e-09
990.0,4.32663835803e-11,2.95143954887e-14,1.33246217373e-08
991.0,9.00041668677e-12,2.58823199532e-14,1.10576498113e-08
992.0,2.62748383693e-11,2.29980276653e-14,9.24372414106e-09
993.0,5.24029319192e-11,2.15298104147e-14,7.77005946582e-09
994.0,7.43022664326e-11,2.07648158793e-14,6.56251272122e-09
995.0,9.25032844022e-11,2.03473586374e-14,5.57256254065e-09
996.0,1.07842739434e-10,2.00909903339e-14,4.79831382032e-09
997.0,4.56407272761e-11,2.82769256879e-14,1.22335238739e-08
998.0,1.27759969561e-11,2.51437596319e-14,1.02173778455e-08
999.0,1.76115966403e-11,2.20276015236e-14,8.59675015446e-09
1000.0,4.14049019272e-11,2.04080992325e-14,7.30137212839e-09
